序号,标题,链接,创建时间,状态,标签
1,BAT leak in xtables with histogram on view,https://github.com/MonetDB/MonetDB/issues/22,2020-11-30T08:00:54Z,CLOSED,['bug']
2,Internal error,https://github.com/MonetDB/MonetDB/issues/78,2020-11-30T08:03:43Z,CLOSED,['bug']
3,Possible intermediate result problem? WAS:crash on long quer,https://github.com/MonetDB/MonetDB/issues/101,2020-11-30T08:04:56Z,CLOSED,['bug']
4,Slow counting,https://github.com/MonetDB/MonetDB/issues/129,2020-11-30T08:12:55Z,CLOSED,['bug']
5,SQL: timestamp crashes monet or returns null on parse error,https://github.com/MonetDB/MonetDB/issues/144,2020-11-30T08:14:45Z,CLOSED,['bug']
6,aggregates do not work on void,https://github.com/MonetDB/MonetDB/issues/148,2020-11-30T08:14:58Z,CLOSED,['bug']
7,drop schema crashes server,https://github.com/MonetDB/MonetDB/issues/164,2020-11-30T08:15:47Z,CLOSED,['bug']
8,Singleton (view) table problem,https://github.com/MonetDB/MonetDB/issues/165,2020-11-30T08:15:50Z,CLOSED,['bug']
9,SELECT on view only works once,https://github.com/MonetDB/MonetDB/issues/174,2020-11-30T08:16:18Z,CLOSED,['bug']
10,Weird view behaviour,https://github.com/MonetDB/MonetDB/issues/183,2020-11-30T08:16:46Z,CLOSED,['bug']
11,View on non-existent table crashes server,https://github.com/MonetDB/MonetDB/issues/189,2020-11-30T08:17:06Z,CLOSED,['bug']
12,"SQL: Monet lies, cheats and bugs on UNION subquery",https://github.com/MonetDB/MonetDB/issues/203,2020-11-30T08:17:54Z,CLOSED,['bug']
13,SQL: Meltdown on JDBC query,https://github.com/MonetDB/MonetDB/issues/211,2020-11-30T08:18:18Z,CLOSED,['bug']
14,SQL: quotes in identifiers,https://github.com/MonetDB/MonetDB/issues/267,2020-11-30T08:26:05Z,CLOSED,['bug']
15,SQL: view / alias problem,https://github.com/MonetDB/MonetDB/issues/274,2020-11-30T08:26:30Z,CLOSED,['bug']
16,SQL: MeltDown on `simple' union query,https://github.com/MonetDB/MonetDB/issues/288,2020-11-30T08:27:07Z,CLOSED,['bug']
17,SQL: CASE bug (2),https://github.com/MonetDB/MonetDB/issues/325,2020-11-30T08:29:05Z,CLOSED,['bug']
18,SQL: Modification of views,https://github.com/MonetDB/MonetDB/issues/331,2020-11-30T08:29:22Z,CLOSED,['bug']
19,new *empty* BATs are not set read-only by MIL interpreter,https://github.com/MonetDB/MonetDB/issues/358,2020-11-30T08:30:45Z,CLOSED,['bug']
20,Cross product problems,https://github.com/MonetDB/MonetDB/issues/466,2020-11-30T08:36:10Z,CLOSED,['bug']
21,Mserver crashes when view an altered table,https://github.com/MonetDB/MonetDB/issues/475,2020-11-30T08:36:34Z,CLOSED,['bug']
22,loading mod. salgebra segfaults on SuSE 9.3/64 & Fedore 3/64,https://github.com/MonetDB/MonetDB/issues/552,2020-11-30T08:42:13Z,CLOSED,['bug']
23,Thread handle leak (Win32),https://github.com/MonetDB/MonetDB/issues/610,2020-11-30T08:45:07Z,CLOSED,['bug']
24,!unexpected end of input,https://github.com/MonetDB/MonetDB/issues/621,2020-11-30T08:45:41Z,CLOSED,['bug']
25,bat cast makes bats writable,https://github.com/MonetDB/MonetDB/issues/633,2020-11-30T08:46:16Z,CLOSED,['bug']
26,XQuery: ceiling xs:integer,https://github.com/MonetDB/MonetDB/issues/694,2020-11-30T08:49:20Z,CLOSED,['bug']
27,create view with check options,https://github.com/MonetDB/MonetDB/issues/717,2020-11-30T08:50:32Z,CLOSED,['bug']
28,Limit error using VIEWS,https://github.com/MonetDB/MonetDB/issues/747,2020-11-30T08:52:05Z,CLOSED,['bug']
29,Mserver: Valgrind detected error 3,https://github.com/MonetDB/MonetDB/issues/806,2020-11-30T08:59:56Z,CLOSED,['bug']
30,serialization of decimal does not work,https://github.com/MonetDB/MonetDB/issues/816,2020-11-30T09:00:28Z,CLOSED,['bug']
31,view_gdk_bbp leaking,https://github.com/MonetDB/MonetDB/issues/866,2020-11-30T09:03:14Z,CLOSED,['bug']
32,problem with functions in xquery,https://github.com/MonetDB/MonetDB/issues/932,2020-11-30T09:06:47Z,CLOSED,['bug']
33,PF: most update tests fail with property errors,https://github.com/MonetDB/MonetDB/issues/950,2020-11-30T09:07:45Z,CLOSED,['bug']
34,DOCtype and/or xmlns causes empty path expr. result,https://github.com/MonetDB/MonetDB/issues/988,2020-11-30T09:09:54Z,CLOSED,['bug']
35,WEB: Concentrate Research & Roadmap,https://github.com/MonetDB/MonetDB/issues/1005,2020-11-30T09:15:35Z,CLOSED,['bug']
36,XQuery: Module caching undocumented and fragile,https://github.com/MonetDB/MonetDB/issues/1008,2020-11-30T09:15:43Z,CLOSED,['bug']
37,M5: casts/converts in batconvert fail on void-view heads,https://github.com/MonetDB/MonetDB/issues/1067,2020-11-30T09:18:59Z,CLOSED,['bug']
38,XQ: BATsetaccess warning/error with 32-bit OIDs,https://github.com/MonetDB/MonetDB/issues/1118,2020-11-30T09:21:47Z,CLOSED,['bug']
39,MonetDB & SQL: tests fail after checkins,https://github.com/MonetDB/MonetDB/issues/1127,2020-11-30T09:22:16Z,CLOSED,['bug']
40,Testweb: testweb broken because of pfstart()?,https://github.com/MonetDB/MonetDB/issues/1130,2020-11-30T09:22:26Z,CLOSED,['bug']
41,SQL: Armada sinks MonetDB ships,https://github.com/MonetDB/MonetDB/issues/1241,2020-11-30T09:27:45Z,CLOSED,['bug']
42,XQ: following step kills Mserver (after 2h),https://github.com/MonetDB/MonetDB/issues/1246,2020-11-30T09:27:58Z,CLOSED,['bug']
43,Automaking MonetDB fails on CVS HEAD,https://github.com/MonetDB/MonetDB/issues/1251,2020-11-30T09:29:50Z,CLOSED,['bug']
44,shredder msync() bug,https://github.com/MonetDB/MonetDB/issues/1309,2020-11-30T09:32:30Z,CLOSED,['bug']
45,PF: XRpc tests fail on MacOS (Darwin) since 2007-03-10,https://github.com/MonetDB/MonetDB/issues/1330,2020-11-30T09:33:24Z,CLOSED,['bug']
46,SQL: View creation using a function....,https://github.com/MonetDB/MonetDB/issues/1332,2020-11-30T09:33:30Z,CLOSED,['bug']
47,Cannot connect to MonetDB via ODBC from PowerBuilderâ€,https://github.com/MonetDB/MonetDB/issues/1360,2020-11-30T09:34:43Z,CLOSED,['bug']
48,XQuery: Administrative Console,https://github.com/MonetDB/MonetDB/issues/1364,2020-11-30T09:34:55Z,CLOSED,['bug']
49,"[ADT] Adding large document, with update support",https://github.com/MonetDB/MonetDB/issues/1461,2020-11-30T09:39:18Z,CLOSED,['bug']
50,remap in src/modules/plain/Tests/bat.py fails on Win64,https://github.com/MonetDB/MonetDB/issues/1530,2020-11-30T09:45:14Z,CLOSED,['bug']
51,Compile MonetDB on Darwin 9: failed by --enable-oid32,https://github.com/MonetDB/MonetDB/issues/1549,2020-11-30T09:46:05Z,CLOSED,['bug']
52,table dependency inside union...,https://github.com/MonetDB/MonetDB/issues/1560,2020-11-30T09:46:35Z,CLOSED,['bug']
53,row_number() failing when used in join,https://github.com/MonetDB/MonetDB/issues/1592,2020-11-30T09:48:02Z,CLOSED,['bug']
54,PF: Error message with Administrative Console,https://github.com/MonetDB/MonetDB/issues/1600,2020-11-30T09:48:26Z,CLOSED,['bug']
55,Website fails to build,https://github.com/MonetDB/MonetDB/issues/1723,2020-11-30T09:54:03Z,CLOSED,['bug']
56,nested views algebra version,https://github.com/MonetDB/MonetDB/issues/1729,2020-11-30T09:54:19Z,CLOSED,['bug']
57,Project on BAT with batFirst > 0 returns wrong results,https://github.com/MonetDB/MonetDB/issues/1747,2020-11-30T09:55:08Z,CLOSED,['bug']
58,select view repliy wrong,https://github.com/MonetDB/MonetDB/issues/1797,2020-11-30T10:01:08Z,CLOSED,['bug']
59,"the view with account row,selected wrong",https://github.com/MonetDB/MonetDB/issues/1801,2020-11-30T10:01:22Z,CLOSED,['bug']
60,The View shouldn't alter.,https://github.com/MonetDB/MonetDB/issues/1806,2020-11-30T10:01:39Z,CLOSED,['bug']
61,The view with CAST is seems to be something the matter,https://github.com/MonetDB/MonetDB/issues/1809,2020-11-30T10:01:48Z,CLOSED,['bug']
62,Avg on integer and smallint : false,https://github.com/MonetDB/MonetDB/issues/1838,2020-11-30T10:03:22Z,CLOSED,['bug']
63,Daemon mode broken,https://github.com/MonetDB/MonetDB/issues/1860,2020-11-30T10:04:38Z,CLOSED,['bug']
64,col from another schema inside function body,https://github.com/MonetDB/MonetDB/issues/1897,2020-11-30T10:06:40Z,CLOSED,['bug']
65,Memory leak and crash with UNION ALL,https://github.com/MonetDB/MonetDB/issues/1920,2020-11-30T10:07:56Z,CLOSED,['bug']
66,row_number() columns should be materialized after selection,https://github.com/MonetDB/MonetDB/issues/1924,2020-11-30T10:08:09Z,CLOSED,['bug']
67,DISTINCT does'n work when below a join,https://github.com/MonetDB/MonetDB/issues/1925,2020-11-30T10:08:13Z,CLOSED,['bug']
68,Segfault after long period of use,https://github.com/MonetDB/MonetDB/issues/1936,2020-11-30T10:08:53Z,CLOSED,['bug']
69,cardinality of expression is wrong,https://github.com/MonetDB/MonetDB/issues/1938,2020-11-30T10:09:02Z,CLOSED,['bug']
70,Geom: relation and spatial tests fail,https://github.com/MonetDB/MonetDB/issues/1956,2020-11-30T10:10:04Z,CLOSED,['bug']
71,View and subquery don't give same results,https://github.com/MonetDB/MonetDB/issues/1965,2020-11-30T10:10:33Z,CLOSED,['bug']
72,WHERE in WITH crashes the server,https://github.com/MonetDB/MonetDB/issues/1968,2020-11-30T10:10:43Z,CLOSED,['bug']
73,SELECT expression with IN in CASE statement causes '0 tuples,https://github.com/MonetDB/MonetDB/issues/1969,2020-11-30T10:10:47Z,CLOSED,['bug']
74,problem with views reusing aliases ?,https://github.com/MonetDB/MonetDB/issues/1981,2020-11-30T10:11:29Z,CLOSED,['bug']
75,wishlist: stable dump,https://github.com/MonetDB/MonetDB/issues/1986,2020-11-30T10:11:45Z,CLOSED,['bug']
76,Views with select on top of join - attribute lookup problem,https://github.com/MonetDB/MonetDB/issues/1988,2020-11-30T10:11:52Z,CLOSED,['bug']
77,Mapi read error when rows exceed maximum,https://github.com/MonetDB/MonetDB/issues/1993,2020-11-30T10:12:09Z,CLOSED,['bug']
78,PF:memory leak when fireing multiple simultaneous clients,https://github.com/MonetDB/MonetDB/issues/1999,2020-11-30T10:12:30Z,CLOSED,['bug']
79,SQL: CREATE VIEW .. AS BATS;,https://github.com/MonetDB/MonetDB/issues/2016,2020-11-30T10:16:47Z,CLOSED,['bug']
80,Temporary table is semi-persistent when transaction fails,https://github.com/MonetDB/MonetDB/issues/2030,2020-11-30T10:17:34Z,CLOSED,['bug']
81,Build Fails on OpenSolaris 64-Bit,https://github.com/MonetDB/MonetDB/issues/2046,2020-11-30T10:18:28Z,CLOSED,['bug']
82,"SQL: ""CREATE VIEW AS SELECT 1;"" fails",https://github.com/MonetDB/MonetDB/issues/2048,2020-11-30T10:18:36Z,CLOSED,['bug']
83,SQL: group by on view with constants,https://github.com/MonetDB/MonetDB/issues/2160,2020-11-30T10:24:59Z,CLOSED,['bug']
84,M5: property error in src/modules/mal/Tests/chopper03.mal,https://github.com/MonetDB/MonetDB/issues/2162,2020-11-30T10:25:06Z,CLOSED,['bug']
85,SQL: crash on drop sequence after drop table,https://github.com/MonetDB/MonetDB/issues/2184,2020-11-30T10:26:25Z,CLOSED,['bug']
86,PF: fatal error: column not found / BATappend access denied,https://github.com/MonetDB/MonetDB/issues/2195,2020-11-30T10:27:05Z,CLOSED,['bug']
87,SQL: old views incorrectly reused,https://github.com/MonetDB/MonetDB/issues/2198,2020-11-30T10:27:15Z,CLOSED,['bug']
88,SQL: WHERE A.x LIKE A.y misses results,https://github.com/MonetDB/MonetDB/issues/2222,2020-11-30T10:28:40Z,CLOSED,['bug']
89,Broken link to VOC tutorial,https://github.com/MonetDB/MonetDB/issues/2228,2020-11-30T10:29:04Z,CLOSED,['bug']
90,SQL: optimizer confused by concurrency,https://github.com/MonetDB/MonetDB/issues/2234,2020-11-30T10:29:26Z,CLOSED,['bug']
91,pf takes 'forever' (> 1 hour) to compile particular query,https://github.com/MonetDB/MonetDB/issues/2262,2020-11-30T10:33:59Z,CLOSED,['bug']
92,GDKupgradevarheap: copied area and allocated space mismatch,https://github.com/MonetDB/MonetDB/issues/2305,2020-11-30T10:36:28Z,CLOSED,['bug']
93,"SQL: ""create table ... as select..."" fails",https://github.com/MonetDB/MonetDB/issues/2315,2020-11-30T10:37:00Z,CLOSED,['bug']
94,constants optimizer,https://github.com/MonetDB/MonetDB/issues/2317,2020-11-30T10:37:11Z,CLOSED,['bug']
95,SQL: order by on single row view,https://github.com/MonetDB/MonetDB/issues/2320,2020-11-30T10:37:20Z,CLOSED,['bug']
96,ANSI Client clobbered data ::SQLTables,https://github.com/MonetDB/MonetDB/issues/2336,2020-11-30T10:38:17Z,CLOSED,['bug']
97,opt_reorder intermixing sql.bind with sql update instruction,https://github.com/MonetDB/MonetDB/issues/2361,2020-11-30T10:39:42Z,CLOSED,['bug']
98,"""group by"" query fails: MALException: BBPdecref: tmp_1066 does not have pointer fixes.",https://github.com/MonetDB/MonetDB/issues/2553,2020-11-30T11:02:52Z,CLOSED,['bug']
99,gdk_system/MT_init fails to compile on FreeBSD 8.0,https://github.com/MonetDB/MonetDB/issues/2555,2020-11-30T11:02:58Z,CLOSED,['bug']
100,DB catalog corrupted after upgrade from Feb2010 to Jun2010,https://github.com/MonetDB/MonetDB/issues/2573,2020-11-30T11:03:57Z,CLOSED,['bug']
101,incorrect plan on in-query on view with constant,https://github.com/MonetDB/MonetDB/issues/2582,2020-11-30T11:04:27Z,CLOSED,['bug']
102,GDK: gdk_bbp.c:2257: BBPfree: Assertion `b->P->sharecnt == 0' failed,https://github.com/MonetDB/MonetDB/issues/2607,2020-11-30T11:05:44Z,CLOSED,['bug']
103,fresh database contains tables,https://github.com/MonetDB/MonetDB/issues/2620,2020-11-30T11:06:27Z,CLOSED,['bug']
104,Combination of WITH and numbering function crashes Mserver,https://github.com/MonetDB/MonetDB/issues/2631,2020-11-30T11:07:06Z,CLOSED,['bug']
105,crash in rel2bin with complex query and LIMIT,https://github.com/MonetDB/MonetDB/issues/2633,2020-11-30T11:07:13Z,CLOSED,['bug']
106,Unable to run select query on view if database is started readonly,https://github.com/MonetDB/MonetDB/issues/2635,2020-11-30T11:07:20Z,CLOSED,['bug']
107,multi-threaded execution instable on 32-bit systems & 64-bit systems with 32-bit OIDs,https://github.com/MonetDB/MonetDB/issues/2644,2020-11-30T11:07:49Z,CLOSED,['bug']
108,SQL: mat.pack+algebra.slice should be replaced by mat.slice for 'limit 1',https://github.com/MonetDB/MonetDB/issues/2645,2020-11-30T11:07:52Z,CLOSED,['bug']
109,Not all recently fixed bugs are documented by ChangeLog messages,https://github.com/MonetDB/MonetDB/issues/2646,2020-11-30T11:07:56Z,CLOSED,['bug']
110,M5 breaks with huge SQL query.,https://github.com/MonetDB/MonetDB/issues/2647,2020-11-30T11:08:00Z,CLOSED,['bug']
111,Mserver busy in BBPExit() for more than 1 minute upon Mserver kill,https://github.com/MonetDB/MonetDB/issues/2658,2020-11-30T11:08:36Z,CLOSED,['bug']
112,select a string column from a view over a table with primary key crashes,https://github.com/MonetDB/MonetDB/issues/2673,2020-11-30T11:09:26Z,CLOSED,['bug']
113,Getting runtime error R6031-Attempt to initialize the CRT more than once.,https://github.com/MonetDB/MonetDB/issues/2686,2020-11-30T11:10:08Z,CLOSED,['bug']
114,several SQL python tests timeout (hang?) on Windows,https://github.com/MonetDB/MonetDB/issues/2699,2020-11-30T11:10:47Z,CLOSED,['bug']
115,wrong error message when dropping an un-existing view with the same as an existent table.,https://github.com/MonetDB/MonetDB/issues/2713,2020-11-30T11:11:35Z,CLOSED,['bug']
116,MonetDB 'allows' binding and connecting to ports above 65535 (has patch),https://github.com/MonetDB/MonetDB/issues/2738,2020-11-30T11:12:55Z,CLOSED,['bug']
117,segmentation fault on select query among big amount of data,https://github.com/MonetDB/MonetDB/issues/2754,2020-11-30T11:39:45Z,CLOSED,['bug']
118,"""no such column 'u.name'"" in users system view",https://github.com/MonetDB/MonetDB/issues/2768,2020-11-30T11:40:26Z,CLOSED,['bug']
119,crash when first connection is with another user than monetdb,https://github.com/MonetDB/MonetDB/issues/2786,2020-11-30T11:41:18Z,CLOSED,['bug']
120,View returns erroneous result for squared average function as compared to query,https://github.com/MonetDB/MonetDB/issues/2790,2020-11-30T11:41:29Z,CLOSED,['bug']
121,Problem during start of a newly created database,https://github.com/MonetDB/MonetDB/issues/2791,2020-11-30T11:41:32Z,CLOSED,['bug']
122,MonetDb Server Crashes when creating views with many joins to other views,https://github.com/MonetDB/MonetDB/issues/2799,2020-11-30T11:41:55Z,CLOSED,['bug']
123,Wrong logic in predicates over views defined with an open-interval predicate,https://github.com/MonetDB/MonetDB/issues/2806,2020-11-30T11:42:15Z,CLOSED,['bug']
124,"""Insert into ... select distinct ..."" fails with MALException:mkey.bulk_rotate_xor_hash:operation",https://github.com/MonetDB/MonetDB/issues/2825,2020-11-30T11:43:10Z,CLOSED,['bug']
125,mclient's \d no longer returns non-system tables due to SQL AND clause,https://github.com/MonetDB/MonetDB/issues/2861,2020-11-30T11:44:51Z,CLOSED,['bug']
126,crash on first connect with fresh database,https://github.com/MonetDB/MonetDB/issues/2864,2020-11-30T11:45:01Z,CLOSED,['bug']
127,DBD::monetdb table_info error,https://github.com/MonetDB/MonetDB/issues/2885,2020-11-30T11:45:59Z,CLOSED,['bug']
128,"Binary bulk loads page gives a string load example, but it is not implemented",https://github.com/MonetDB/MonetDB/issues/2896,2020-11-30T11:46:31Z,CLOSED,['bug']
129,TypeException after calling UDF in other than sys schema (when it is initialised),https://github.com/MonetDB/MonetDB/issues/2904,2020-11-30T11:46:54Z,CLOSED,['bug']
130,SQL query produces error with MAL statements,https://github.com/MonetDB/MonetDB/issues/2908,2020-11-30T11:47:05Z,CLOSED,['bug']
131,complex where clause broken,https://github.com/MonetDB/MonetDB/issues/2921,2020-11-30T11:47:42Z,CLOSED,['bug']
132,Database upgrade with SQL catalog upgrade messes up privileges,https://github.com/MonetDB/MonetDB/issues/2934,2020-11-30T11:48:18Z,CLOSED,['bug']
133,MonetDB hangs at high hash load,https://github.com/MonetDB/MonetDB/issues/3067,2020-11-30T12:09:43Z,CLOSED,['bug']
134,ambiguous attributes in query with WITH clause and EXISTS clause,https://github.com/MonetDB/MonetDB/issues/3099,2020-11-30T12:11:06Z,CLOSED,['bug']
135,charset problem with the odbc driver for windows,https://github.com/MonetDB/MonetDB/issues/3100,2020-11-30T12:11:08Z,CLOSED,['bug']
136,join03 test fails since ae7958b81646,https://github.com/MonetDB/MonetDB/issues/3149,2020-11-30T12:13:25Z,CLOSED,['bug']
137,mserver5: gdk_heap.c:477: GDKupgradevarheap: Assertion `c->heap.parentid == 0' failed,https://github.com/MonetDB/MonetDB/issues/3152,2020-11-30T12:13:33Z,CLOSED,['bug']
138,mserver5 crashes with large number of concurrent clients,https://github.com/MonetDB/MonetDB/issues/3163,2020-11-30T12:14:08Z,CLOSED,['bug']
139,Monet DB giving wrong value from a table when a value is queried after insertion/ Data Loss,https://github.com/MonetDB/MonetDB/issues/3222,2020-11-30T12:16:45Z,CLOSED,['bug']
140,GRANT SELECT priveleges not set in SQL FUNCTIONs,https://github.com/MonetDB/MonetDB/issues/3230,2020-11-30T12:17:07Z,CLOSED,['bug']
141,Assertion on BATgroup_internal,https://github.com/MonetDB/MonetDB/issues/3237,2020-11-30T12:17:29Z,CLOSED,['bug']
142,SELECT from a view of a view,https://github.com/MonetDB/MonetDB/issues/3245,2020-11-30T12:17:50Z,CLOSED,['bug']
143,select + group by expression alias from a view kills database by signal SIGSEGV,https://github.com/MonetDB/MonetDB/issues/3264,2020-11-30T12:30:25Z,CLOSED,['bug']
144,no such table 'queryHistory',https://github.com/MonetDB/MonetDB/issues/3285,2020-11-30T12:31:19Z,CLOSED,['bug']
145,Heapcache bugs/performance issues,https://github.com/MonetDB/MonetDB/issues/3323,2020-11-30T12:32:55Z,CLOSED,['bug']
146,constants as MAL function parameters prevent intermediate reuse,https://github.com/MonetDB/MonetDB/issues/3361,2020-11-30T12:34:29Z,CLOSED,['bug']
147,"Query interfering with next query in same transaction, after SP4",https://github.com/MonetDB/MonetDB/issues/3377,2020-11-30T12:35:11Z,CLOSED,['bug']
148,Server crash on CREATE VIEW with a correlated subquery,https://github.com/MonetDB/MonetDB/issues/3414,2020-11-30T12:36:46Z,CLOSED,['bug']
149,aggregation is broken,https://github.com/MonetDB/MonetDB/issues/3421,2020-11-30T12:37:05Z,CLOSED,['bug']
150,appending to bat can cause view to point into freed memory,https://github.com/MonetDB/MonetDB/issues/3433,2020-11-30T12:37:35Z,CLOSED,['bug']
151,"dead link to ""Professional services""",https://github.com/MonetDB/MonetDB/issues/3487,2020-11-30T12:39:56Z,CLOSED,['bug']
152,SQL query kills the mserver5 (Segmentation fault),https://github.com/MonetDB/MonetDB/issues/3490,2020-11-30T12:40:03Z,CLOSED,['bug']
153,SQL catalog table sys.columns lists columns for table ids which do not exist in sys.tables,https://github.com/MonetDB/MonetDB/issues/3522,2020-11-30T12:52:51Z,CLOSED,['bug']
154,Window function over union gives no result,https://github.com/MonetDB/MonetDB/issues/3523,2020-11-30T12:52:53Z,CLOSED,['bug']
155,Empty query when selecting a field from a view made of UNION ALL,https://github.com/MonetDB/MonetDB/issues/3547,2020-11-30T12:54:05Z,CLOSED,['bug']
156,Preparedstatement binding rounds decimal numbers when it is not necessary,https://github.com/MonetDB/MonetDB/issues/3561,2020-11-30T12:54:46Z,CLOSED,['bug']
157,Statistics analyze documentation,https://github.com/MonetDB/MonetDB/issues/3571,2020-11-30T12:55:13Z,CLOSED,['bug']
158,SIGSEGV in BATins_kdiff,https://github.com/MonetDB/MonetDB/issues/3577,2020-11-30T12:55:31Z,CLOSED,['bug']
159,Incorrect query terminates connection,https://github.com/MonetDB/MonetDB/issues/3585,2020-11-30T12:55:53Z,CLOSED,['bug']
160,Double-free of imprints,https://github.com/MonetDB/MonetDB/issues/3599,2020-11-30T12:56:29Z,CLOSED,['bug']
161,relational query without result,https://github.com/MonetDB/MonetDB/issues/3605,2020-11-30T12:56:44Z,CLOSED,['bug']
162,assertion failure in mal/clients.c after running JDBC metadata query containing tab characters,https://github.com/MonetDB/MonetDB/issues/3608,2020-11-30T12:56:52Z,CLOSED,['bug']
163,SQL data dictionary contains columns names which are also special keywords. This causes unexpected/unneeded SQL query errors,https://github.com/MonetDB/MonetDB/issues/3613,2020-11-30T12:57:05Z,CLOSED,['bug']
164,Crash in BATgroup_internal (caused by 87379087770d?),https://github.com/MonetDB/MonetDB/issues/3677,2020-11-30T12:59:51Z,CLOSED,['bug']
165,mserver5[26946]: segfault at 0 ip 00007f3d0e1ab808 sp 00007f3cefbfcad0 error 4 in lib_sql.so[7f3d0e180000+16c000],https://github.com/MonetDB/MonetDB/issues/3697,2020-11-30T13:00:46Z,CLOSED,['bug']
166,wrong scoping for cross-schema view references,https://github.com/MonetDB/MonetDB/issues/3708,2020-11-30T13:01:15Z,CLOSED,['bug']
167,SQL executor has problem with (position of) a subquery in a SELECT-list. Inconsistent behavior.,https://github.com/MonetDB/MonetDB/issues/3761,2020-11-30T13:15:13Z,CLOSED,['bug']
168,VIEW not visible if created under a different schema,https://github.com/MonetDB/MonetDB/issues/3766,2020-11-30T13:15:25Z,CLOSED,['bug']
169,SIGSEGV when combining a cast/column alias with a UNION ALL view,https://github.com/MonetDB/MonetDB/issues/3769,2020-11-30T13:15:34Z,CLOSED,['bug']
170,TRACE is broken after the first time,https://github.com/MonetDB/MonetDB/issues/3790,2020-11-30T13:16:28Z,CLOSED,['bug']
171,table function sys.rejects() and view sys.rejects() are listed are metadata objects but give an (incorrect) error when they are queried,https://github.com/MonetDB/MonetDB/issues/3794,2020-11-30T13:16:39Z,CLOSED,['bug']
172,mserver segfault during bulk loading/updating,https://github.com/MonetDB/MonetDB/issues/3848,2020-11-30T13:19:15Z,CLOSED,['bug']
173,"Querying ""sys"".""tracelog"" causes assertion violation and crash of mserver5 process",https://github.com/MonetDB/MonetDB/issues/3887,2020-11-30T13:21:16Z,CLOSED,['bug']
174,"Window function + group by in subselect, rel2bin_project: Assertion `0' failed",https://github.com/MonetDB/MonetDB/issues/3890,2020-11-30T13:21:25Z,CLOSED,['bug']
175,Deadlock on insertion,https://github.com/MonetDB/MonetDB/issues/3898,2020-11-30T13:21:49Z,CLOSED,['bug']
176,"""bulk operator implementations"" got lost(?) in default branch since/after Jul2015 branch",https://github.com/MonetDB/MonetDB/issues/3926,2020-11-30T13:23:13Z,CLOSED,['bug']
177,SQL: select * from sys.sys.table_name; is accepted but should return an error,https://github.com/MonetDB/MonetDB/issues/3948,2020-11-30T13:24:18Z,CLOSED,['bug']
178,(incorrect) MAL loop instead of manifold triggered by simple change in target list,https://github.com/MonetDB/MonetDB/issues/3955,2020-11-30T13:24:37Z,CLOSED,['bug']
179,SIGSEGV in candscan_lng,https://github.com/MonetDB/MonetDB/issues/4061,2020-11-30T13:36:10Z,CLOSED,['bug']
180,Deadlocked monetdbd,https://github.com/MonetDB/MonetDB/issues/4066,2020-11-30T13:36:21Z,CLOSED,['bug']
181,Segmentation fault (core dumped),https://github.com/MonetDB/MonetDB/issues/6081,2020-11-30T15:25:25Z,CLOSED,['bug']
182,mserver5 SEGFAULT upon pre-headless MAL bat declaration,https://github.com/MonetDB/MonetDB/issues/6176,2020-11-30T15:30:09Z,CLOSED,['bug']
183,Crash (and assertion failure) after querying a view which uses a correlated subquery in the select-list,https://github.com/MonetDB/MonetDB/issues/6254,2020-11-30T15:44:56Z,CLOSED,['bug']
184,wrong count values (1 instead of 0) for correlated aggregation queries,https://github.com/MonetDB/MonetDB/issues/6257,2020-11-30T15:45:07Z,CLOSED,['bug']
185,New handling of delta tables hurts badly reusage of bats,https://github.com/MonetDB/MonetDB/issues/6261,2020-11-30T15:45:21Z,CLOSED,['bug']
186,Lateral crash report (sqlsmith),https://github.com/MonetDB/MonetDB/issues/6314,2020-11-30T15:48:09Z,CLOSED,['bug']
187,Deadlock calling sys.bbp(),https://github.com/MonetDB/MonetDB/issues/6323,2020-11-30T15:48:37Z,CLOSED,['bug']
188,MonetDB.org Blogs RSS feed truncated?,https://github.com/MonetDB/MonetDB/issues/6377,2020-11-30T15:51:21Z,CLOSED,['bug']
189,JDBC Connection via user voc produces errors when fetching certain meta data information,https://github.com/MonetDB/MonetDB/issues/6388,2020-11-30T15:51:58Z,CLOSED,['bug']
190,Compilation error if DISABLE_PARENT_HASH not defined,https://github.com/MonetDB/MonetDB/issues/6405,2020-11-30T15:52:45Z,CLOSED,['bug']
191,Implement functionality to enforce the restrict option in: DROP SCHEMA xyz RESTRICT;,https://github.com/MonetDB/MonetDB/issues/6438,2020-11-30T15:54:31Z,CLOSED,['bug']
192,Faulty plan generated. Query returns more rows than expected or existing in the view sys.tables.,https://github.com/MonetDB/MonetDB/issues/6440,2020-11-30T15:54:38Z,CLOSED,['bug']
193,Persistent hashes stored and then ignored. Storage info not in sync with actual indices.,https://github.com/MonetDB/MonetDB/issues/6492,2020-11-30T15:57:25Z,CLOSED,['bug']
194,Query with not joins and condition returning the wrong result,https://github.com/MonetDB/MonetDB/issues/6539,2020-11-30T16:24:51Z,CLOSED,['bug']
195,assertion failure when querying: select count(*) from sys.commented_function_signatures;,https://github.com/MonetDB/MonetDB/issues/6542,2020-11-30T16:25:02Z,CLOSED,['bug']
196,Jdbc connection hangs,https://github.com/MonetDB/MonetDB/issues/6571,2020-11-30T16:26:35Z,CLOSED,['bug']
197,Python 3.4 not supported (due to usage of Py_DecodeLocale),https://github.com/MonetDB/MonetDB/issues/6598,2020-11-30T16:28:11Z,CLOSED,['bug']
198,LATERAL crash /.../rel_bin.c:1473: rel2bin_table: Assertion `0' failed.,https://github.com/MonetDB/MonetDB/issues/6613,2020-11-30T16:28:59Z,CLOSED,['bug']
199,optimizer treats all the functions with no or constant parameters as constant,https://github.com/MonetDB/MonetDB/issues/6645,2020-11-30T16:30:47Z,CLOSED,['bug']
200,The SAMPLE key word doesn't work in a subquery.,https://github.com/MonetDB/MonetDB/issues/6668,2020-11-30T16:32:05Z,CLOSED,['bug']
201,SQLGetData with SQL_C_WCHAR string truncation and invalid StrLen_or_Ind value,https://github.com/MonetDB/MonetDB/issues/6672,2020-11-30T16:32:18Z,CLOSED,['bug']
202,R UDF with Date type fails to convert RAPI,https://github.com/MonetDB/MonetDB/issues/6674,2020-11-30T16:32:26Z,CLOSED,['bug']
203,Max data length of 2048 for column sys._tables.query is too small for the actual data (2811 for view sys.ids),https://github.com/MonetDB/MonetDB/issues/6676,2020-11-30T16:32:33Z,CLOSED,['bug']
204,adding a view to a merge table gives unexpected behaviour,https://github.com/MonetDB/MonetDB/issues/6685,2020-11-30T16:33:04Z,CLOSED,['bug']
205,Trying to improve the performance of SQL queries with a large list of members in IN clause.,https://github.com/MonetDB/MonetDB/issues/6689,2020-11-30T16:33:18Z,CLOSED,['bug']
206,Unable to fetch empty string with ODBC driver,https://github.com/MonetDB/MonetDB/issues/6690,2020-11-30T16:33:22Z,CLOSED,['bug']
207,Where clause with cast ignores sub-select,https://github.com/MonetDB/MonetDB/issues/6712,2020-11-30T16:34:39Z,CLOSED,['bug']
208,Unexpected query result with merge tables and view after upgrade,https://github.com/MonetDB/MonetDB/issues/6736,2020-11-30T16:35:59Z,CLOSED,['bug']
209,CREATE SEQUENCE seq;  fails,https://github.com/MonetDB/MonetDB/issues/6744,2020-11-30T16:36:28Z,CLOSED,['bug']
210,"MonetDB ""forgets"" columns after ALTER TABLE statements",https://github.com/MonetDB/MonetDB/issues/6748,2020-11-30T16:36:41Z,CLOSED,['bug']
211,Double free or corruption (out),https://github.com/MonetDB/MonetDB/issues/6757,2020-11-30T16:50:19Z,CLOSED,['bug']
212,GRANT SELECT privilege on a subset of table columns results in access denied error when selecting the same columns from the table,https://github.com/MonetDB/MonetDB/issues/6765,2020-11-30T16:50:48Z,CLOSED,['bug']
213,TRACE includes information from all active sessions,https://github.com/MonetDB/MonetDB/issues/6772,2020-11-30T16:51:12Z,CLOSED,['bug']
214,Using the cascade operator in a drop table statement ends in an exit from the Monetdb shell.,https://github.com/MonetDB/MonetDB/issues/6805,2020-11-30T16:52:59Z,CLOSED,['bug']
215,running analyze on a schema which contains a stream table stops with an error,https://github.com/MonetDB/MonetDB/issues/6817,2020-11-30T16:53:37Z,CLOSED,['bug']
216,CUME_DIST window function returns incorrect results,https://github.com/MonetDB/MonetDB/issues/6827,2020-11-30T16:54:13Z,CLOSED,['bug']
217,mserver5: crashes under update_table() when calling lib_sql.so ( max_clients = 2048),https://github.com/MonetDB/MonetDB/issues/6862,2020-11-30T16:56:01Z,CLOSED,['bug']
218,sys.storage unique attribute changes for primary key,https://github.com/MonetDB/MonetDB/issues/6871,2020-11-30T16:56:30Z,CLOSED,['bug']
219,SQLancer crash on cross join on view,https://github.com/MonetDB/MonetDB/issues/6888,2020-11-30T16:57:25Z,CLOSED,['bug']
220,SQLancer inner join reporting GDK error,https://github.com/MonetDB/MonetDB/issues/6893,2020-11-30T16:57:41Z,CLOSED,['bug']
221,SQLancer query: batcalc.between undefined,https://github.com/MonetDB/MonetDB/issues/6902,2020-11-30T16:58:09Z,CLOSED,['bug']
222,SQLancer crash on complex join,https://github.com/MonetDB/MonetDB/issues/6906,2020-11-30T16:58:23Z,CLOSED,['bug']
223,SQLancer algebra.select undefined,https://github.com/MonetDB/MonetDB/issues/6907,2020-11-30T16:58:26Z,CLOSED,['bug']
224,SQLancer inputs not the same size,https://github.com/MonetDB/MonetDB/issues/6908,2020-11-30T16:58:30Z,CLOSED,['bug']
225,Count string rows in union of string tables leaks (RSS) memory,https://github.com/MonetDB/MonetDB/issues/6925,2020-11-30T16:59:21Z,CLOSED,['bug']
226,Importing/fetching data from server into MS Excel via ODBC connection is very slow.,https://github.com/MonetDB/MonetDB/issues/6963,2020-11-30T17:01:30Z,CLOSED,['bug']
227,Crash with subselect involving explicit table that is given as input to table-returning function,https://github.com/MonetDB/MonetDB/issues/6972,2020-11-30T17:01:59Z,CLOSED,['bug']
228,uuid() called only once when used in projection list,https://github.com/MonetDB/MonetDB/issues/7011,2020-11-30T17:07:10Z,CLOSED,['bug']
229,"Select * on grouped view: wrong error ""cannot use non GROUP BY column 'a1' in query results without an aggregate function""",https://github.com/MonetDB/MonetDB/issues/7013,2020-11-30T17:07:16Z,CLOSED,['bug']
230,CREATE VIEW: SELECT: cannot use non GROUP BY column '%1' in query results without an aggregate function,https://github.com/MonetDB/MonetDB/issues/7023,2020-12-09T14:19:23Z,CLOSED,['bug']
231,Data consistency problem of query results in the latest release of Monetdb (Remote Table),https://github.com/MonetDB/MonetDB/issues/7089,2021-03-26T03:49:38Z,CLOSED,['bug']
232,Bug report: TypeException:user.main[396]:'algebra.join' undefined,https://github.com/MonetDB/MonetDB/issues/7130,2021-05-17T13:59:37Z,CLOSED,['bug']
233,Bug report: TypeException:user.main[273]:'bat.append' undefined,https://github.com/MonetDB/MonetDB/issues/7131,2021-05-20T12:37:51Z,CLOSED,['bug']
234,Segmentation fault while loading data,https://github.com/MonetDB/MonetDB/issues/7137,2021-06-01T18:08:33Z,CLOSED,['bug']
235,SQL Query Plan Non Optimal with View,https://github.com/MonetDB/MonetDB/issues/7140,2021-06-08T21:47:32Z,CLOSED,['bug']
236,Multiple sql.mvc() invocations in the same query,https://github.com/MonetDB/MonetDB/issues/7163,2021-08-05T09:01:10Z,CLOSED,['bug']
237,"Queries against sys.querylog_catalog, sys.querylog_calls or sys.querylog_history fail after restore of a db created using call sys.hot_snapshot(R'\path\file.tar');",https://github.com/MonetDB/MonetDB/issues/7182,2021-10-07T15:55:06Z,CLOSED,['bug']
238,data files created with COPY SELECT .. INTO 'file.csv' fail to be loaded using COPY INTO .. FROM 'file.csv' when double quoted string data contains the field values delimiter character,https://github.com/MonetDB/MonetDB/issues/7186,2021-10-14T13:58:00Z,CLOSED,['bug']
239,Replacing a view by a query on the view itself crashes the server.,https://github.com/MonetDB/MonetDB/issues/7241,2022-02-04T15:57:44Z,CLOSED,['bug']
240,Extremely slow INSERT INTO <table> SELECT,https://github.com/MonetDB/MonetDB/issues/7253,2022-02-18T13:12:12Z,CLOSED,['bug']
241,Query planner unable to optimize filter push-down,https://github.com/MonetDB/MonetDB/issues/7301,2022-06-09T18:09:45Z,CLOSED,['bug']
242,Database upgrade failure due to user object dependency on system procedure,https://github.com/MonetDB/MonetDB/issues/7344,2022-12-01T15:38:34Z,CLOSED,['bug']
243,MonetDB server crashes at sql_trans_copy_key,https://github.com/MonetDB/MonetDB/issues/7378,2023-06-16T15:58:24Z,CLOSED,['bug']
244,MonetDB server 11.46.0 crashes in `rel_deps`,https://github.com/MonetDB/MonetDB/issues/7386,2023-06-16T18:43:11Z,CLOSED,['bug']
245,MonetDB server crashes in `exps_card`,https://github.com/MonetDB/MonetDB/issues/7439,2024-01-17T06:52:34Z,CLOSED,['bug']
246,Unexpected result when `CREATE VIEW` with `WHERE NULL`,https://github.com/MonetDB/MonetDB/issues/7450,2024-01-31T07:30:10Z,CLOSED,['bug']
247,Unexpected result when using `BETWEEN` with `BOOLEAN` values,https://github.com/MonetDB/MonetDB/issues/7455,2024-02-10T01:59:59Z,CLOSED,['bug']
248,Crash when `INNER JOIN` with `VIEW`,https://github.com/MonetDB/MonetDB/issues/7456,2024-02-12T03:36:34Z,CLOSED,['bug']
249,Crash when using `CAST` and `BETWEEN AND`,https://github.com/MonetDB/MonetDB/issues/7460,2024-02-20T00:57:11Z,CLOSED,['bug']
250,Crash when `INNER JOIN` with `CONTAINS`,https://github.com/MonetDB/MonetDB/issues/7466,2024-02-27T15:49:48Z,CLOSED,['bug']
251,Query on view fails to produce a resultset. Assertion triggered in rel2bin_select.,https://github.com/MonetDB/MonetDB/issues/7496,2024-04-11T14:02:44Z,CLOSED,['bug']
252,Crash when creating view with `HAVING`,https://github.com/MonetDB/MonetDB/issues/7522,2024-05-24T05:54:53Z,CLOSED,['bug']
253,Assertion failure when using `GROUP BY` when `CREATE VIEW`,https://github.com/MonetDB/MonetDB/issues/7535,2024-06-07T08:38:26Z,CLOSED,['bug']
254,MonetDB crashes with a SIGSEGV due to a null pointer dereference when using prepared statements,https://github.com/MonetDB/MonetDB/issues/7537,2024-06-12T14:27:05Z,CLOSED,['bug']
255,Crash when creating view with `GROUP BY`,https://github.com/MonetDB/MonetDB/issues/7545,2024-06-26T16:30:31Z,CLOSED,['bug']
256,Assertion failure when using `STARTSWITH` with view,https://github.com/MonetDB/MonetDB/issues/7556,2024-07-21T05:47:07Z,CLOSED,['bug']
257,Outer joins are not optimized to inner in all cases,https://github.com/MonetDB/MonetDB/issues/7559,2024-07-29T15:53:56Z,CLOSED,['bug']
258,Unexpected result when using `IS DISTINCT FROM` in `VIEW`,https://github.com/MonetDB/MonetDB/issues/7563,2024-08-09T15:51:40Z,CLOSED,['bug']
259,Assertion failure at `rel2bin_select` when using `STARTSWITH` ,https://github.com/MonetDB/MonetDB/issues/7574,2024-09-07T10:11:24Z,CLOSED,['bug']
260,Filter function creates a cartesian product when used with a view,https://github.com/MonetDB/MonetDB/issues/7614,2025-02-20T13:26:47Z,CLOSED,['bug']
261,Filter function creates a cartesian product when used with a view (2),https://github.com/MonetDB/MonetDB/issues/7615,2025-02-20T13:35:26Z,CLOSED,['bug']
262,Missing entry in sys.table_types table for new LOCAL TEMPORARY VIEW,https://github.com/MonetDB/MonetDB/issues/7625,2025-03-28T18:06:44Z,CLOSED,['bug']
263,crash in window function with constant aggregation,https://github.com/MonetDB/MonetDB/issues/7626,2025-03-31T09:57:37Z,CLOSED,['bug']
264,Join with subquery crash,https://github.com/MonetDB/MonetDB/issues/7634,2025-05-19T04:39:29Z,CLOSED,['bug']
265,Unexpected Inner Join Crash,https://github.com/MonetDB/MonetDB/issues/7635,2025-05-19T08:31:06Z,CLOSED,['bug']
266,Unexpected Anti Join Crash,https://github.com/MonetDB/MonetDB/issues/7636,2025-05-19T09:21:37Z,CLOSED,['bug']
267,Unexpected anti join crash,https://github.com/MonetDB/MonetDB/issues/7644,2025-06-13T11:57:24Z,CLOSED,['bug']
268,Unexpected Internal Error in Inner Join,https://github.com/MonetDB/MonetDB/issues/7645,2025-06-13T13:31:04Z,CLOSED,['bug']
269,MonetDB Mar2025-SP1 crashes at `sqlparse()` with a crafted MERGE statement,https://github.com/MonetDB/MonetDB/issues/7657,2025-07-11T12:59:44Z,CLOSED,['bug']
270,MonetDB Mar2025-SP1 crashes at `rel_selects` with a circular view,https://github.com/MonetDB/MonetDB/issues/7667,2025-07-15T07:14:19Z,CLOSED,['bug']
271,Monetdb crash when using char datatype,https://github.com/MonetDB/MonetDB/issues/7710,2025-09-18T09:02:55Z,CLOSED,['bug']
272,mserver5 assertion failure when started with -d2 --in-memory,https://github.com/MonetDB/MonetDB/issues/7733,2025-10-02T14:05:15Z,CLOSED,['bug']
